ref,qty,value,mpn,package,function
"H1",1,M3 grid line,terminal,hole-3.2,
"H2",1,M3 generator line,terminal,hole-3.2,
"H3",1,M3 neutral,terminal,hole-3.2,
"RS",1,100 uohm,Vishay WSBS5216L1000JT,shunt-5216,
"F1",1,100 mA T 5x20,Littelfuse 0215.100HXP,fuse-5x20,
"RV1",1,275 VAC,Bourns MOV-10D431K,disc-10,
"C1",1,330 nF X2,TDK B32922C3334K,box-22.5,
"R1 R2",2,1 M 700 V,Vishay TNPV12061M00BEEN,1206,
"R3",1,100 ohm 0.5 W,Panasonic ERJ-P08J101V,1206,
"D1 D2",2,1000 V,Diodes S1M-13-F,SMA,
"Z1",1,12 V 500 mW,Diodes BZT52C12-7-F,SOD-123,
"C2",1,470 uF 16 V,Panasonic EEE-FK1C471P,rad-8,
"U1",1,3.3 V LDO,TI LM2936MP-3.3/NOPB,SOT-223,
"C3",1,10 uF 10 V,Murata GRM21BR71A106KE51L,0805,
"C4 C10 C11 C12 C15",5,100 nF,Murata GRM188R71H104KA93,0603,
"R4 R5 R6 R7",4,499 k 0.1% 700 V,Vishay TNPV1206499KBEEN,1206,
"R8",1,1.00 k 0.1%,Vishay TNPW06031K00BEEA,0603,
"C5 C6",2,10 nF C0G,KEMET C0603C103J3GACTU,0603,
"R9",1,1.00 k,Vishay TNPW06031K00BEEA,0603,
"TVS1",1,5 V bidirectional,Bourns CDSOD323-T05C,SOD-323,
"R10 R11",2,100 ohm 0.1%,Panasonic ERA-3AEB101V,0603,
"TV1",1,neutral tie,via-0.30,via,
"U2",1,metrology,ST STPM32TR,QFN-24-4x4,
"Y1",1,16.000 MHz,Abracon ABM8-16.000MHZ-B2-T,3.2x2.5,
"C7 C8",2,27 pF C0G,Murata GRM1885C1H270JA01,0603,
"C9 C14",2,1 uF,Murata GRM188R71C105KA12,0603,
"R12 R13 R15 R20 R21",5,10 k,Yageo RC0603FR-0710KL,0603,
"R14 R26",2,100 ohm,Yageo RC0603FR-07100RL,0603,
"C13",1,100 pF,Murata GRM1885C1H101JA01,0603,
"Q1",1,2N7002,onsemi 2N7002,SOT-23,
"R16 R19 R24 R25",4,100 k,Yageo RC0603FR-07100KL,0603,
"R17",1,2.2 k,Yageo RC0603FR-072K2L,0603,
"PT1",1,phototransistor,Vishay VEMT3700,side-looker,
"R18",1,47 k,Yageo RC0603FR-0747KL,0603,
"Q2",1,MMBT3904,onsemi MMBT3904,SOT-23,
"Q3",1,MMBT3906,onsemi MMBT3906,SOT-23,
"R22",1,220 k,Yageo RC0603FR-07220KL,0603,
"Q4",1,2N7002 crowbar,onsemi 2N7002,SOT-23,
"R23",1,47 ohm 0.25 W,Panasonic ERJ-P08J470V,1206,
"U3",1,schedule die,EC-MINT1,QFN-32-5x5,
"Y2",1,16.000 MHz CMOS,Abracon ASE-16.000MHZ-LR-T,3.2x2.5,
"U4",1,ML-DSA element,SEALSQ QS7001,QFN-32-5x5,
"J4",1,radio header,Samtec TSM-106-01-L-SV,1x6-2.54,
"J5",1,provision, seal over,pad-1.0,1x8-1.27,
"SW1",1,mesh contact,spring,pad,
