ref,x_mm,y_mm,rot,value,mpn,package
H1,16.000,60.000,0,M3 grid line,terminal,hole-3.2
H2,16.000,46.000,0,M3 generator line,terminal,hole-3.2
H3,12.000,32.000,0,M3 neutral,terminal,hole-3.2
RS,24.000,52.000,90,100 uohm,Vishay WSBS5216L1000JT,shunt-5216
F1,30.000,65.200,0,100 mA T 5x20,Littelfuse 0215.100HXP,fuse-5x20
RV1,36.000,54.000,0,275 VAC,Bourns MOV-10D431K,disc-10
C1,36.000,28.000,90,330 nF X2,TDK B32922C3334K,box-22.5
R1,27.000,36.000,0,1 M 700 V,Vishay TNPV12061M00BEEN,1206
R2,27.000,20.000,0,1 M 700 V,Vishay TNPV12061M00BEEN,1206
R3,26.000,16.000,0,100 ohm 0.5 W,Panasonic ERJ-P08J101V,1206
D1,26.000,24.000,0,1000 V,Diodes S1M-13-F,SMA
D2,26.000,32.000,0,1000 V,Diodes S1M-13-F,SMA
Z1,50.000,58.000,0,12 V 500 mW,Diodes BZT52C12-7-F,SOD-123
C2,52.000,50.000,0,470 uF 16 V,Panasonic EEE-FK1C471P,rad-8
U1,62.000,58.000,0,3.3 V LDO,TI LM2936MP-3.3/NOPB,SOT-223
C3,74.000,62.000,0,10 uF 10 V,Murata GRM21BR71A106KE51L,0805
C4,58.000,50.000,0,100 nF,Murata GRM188R71H104KA93,0603
R4,20.000,10.000,0,499 k 0.1% 700 V,Vishay TNPV1206499KBEEN,1206
R5,27.000,10.000,0,499 k 0.1% 700 V,Vishay TNPV1206499KBEEN,1206
R6,34.000,10.000,0,499 k 0.1% 700 V,Vishay TNPV1206499KBEEN,1206
R7,41.000,10.000,0,499 k 0.1% 700 V,Vishay TNPV1206499KBEEN,1206
R8,50.000,16.000,0,1.00 k 0.1%,Vishay TNPW06031K00BEEA,0603
C5,50.000,12.000,90,10 nF C0G,KEMET C0603C103J3GACTU,0603
R9,56.000,16.000,0,1.00 k,Vishay TNPW06031K00BEEA,0603
TVS1,56.000,22.000,0,5 V bidirectional,Bourns CDSOD323-T05C,SOD-323
R10,60.000,24.000,0,100 ohm 0.1%,Panasonic ERA-3AEB101V,0603
R11,60.000,28.000,0,100 ohm 0.1%,Panasonic ERA-3AEB101V,0603
C6,60.000,32.000,90,10 nF C0G,KEMET C0603C103J3GACTU,0603
TV1,48.000,5.000,0,neutral tie,via-0.30,via
U2,70.000,28.000,0,metrology,ST STPM32TR,QFN-24-4x4
Y1,70.000,16.000,0,16.000 MHz,Abracon ABM8-16.000MHZ-B2-T,3.2x2.5
C7,64.000,16.000,90,27 pF C0G,Murata GRM1885C1H270JA01,0603
C8,76.000,16.000,90,27 pF C0G,Murata GRM1885C1H270JA01,0603
C9,78.000,22.000,0,1 uF,Murata GRM188R71C105KA12,0603
C10,78.000,34.000,0,100 nF,Murata GRM188R71H104KA93,0603
C11,62.000,34.000,0,100 nF,Murata GRM188R71H104KA93,0603
C12,62.000,22.000,0,100 nF,Murata GRM188R71H104KA93,0603
R12,62.000,16.000,90,10 k,Yageo RC0603FR-0710KL,0603
R13,78.000,12.000,0,10 k,Yageo RC0603FR-0710KL,0603
R14,86.000,16.000,0,100 ohm,Yageo RC0603FR-07100RL,0603
C13,86.000,12.000,90,100 pF,Murata GRM1885C1H101JA01,0603
Q1,92.000,16.000,0,2N7002,onsemi 2N7002,SOT-23
R15,92.000,22.000,90,10 k,Yageo RC0603FR-0710KL,0603
R16,86.000,64.000,90,100 k,Yageo RC0603FR-07100KL,0603
R17,92.000,58.000,90,2.2 k,Yageo RC0603FR-072K2L,0603
PT1,96.000,64.000,0,phototransistor,Vishay VEMT3700,side-looker
R18,86.000,52.000,0,47 k,Yageo RC0603FR-0747KL,0603
R19,80.000,52.000,90,100 k,Yageo RC0603FR-07100KL,0603
Q2,92.000,50.000,0,MMBT3904,onsemi MMBT3904,SOT-23
R20,96.000,54.000,90,10 k,Yageo RC0603FR-0710KL,0603
Q3,92.000,60.000,0,MMBT3906,onsemi MMBT3906,SOT-23
R21,84.000,46.000,0,10 k,Yageo RC0603FR-0710KL,0603
R22,84.000,40.000,0,220 k,Yageo RC0603FR-07220KL,0603
C14,90.000,40.000,90,1 uF,Murata GRM188R71C105KA12,0603
Q4,96.000,36.000,0,2N7002 crowbar,onsemi 2N7002,SOT-23
R23,88.000,32.000,0,47 ohm 0.25 W,Panasonic ERJ-P08J470V,1206
U3,78.000,46.000,0,schedule die,EC-MINT1,QFN-32-5x5
Y2,90.000,46.000,0,16.000 MHz CMOS,Abracon ASE-16.000MHZ-LR-T,3.2x2.5
R24,70.000,40.000,90,100 k,Yageo RC0603FR-07100KL,0603
U4,62.000,46.000,0,ML-DSA element,SEALSQ QS7001,QFN-32-5x5
C15,70.000,64.000,0,100 nF,Murata GRM188R71H104KA93,0603
R25,54.000,64.000,90,100 k,Yageo RC0603FR-07100KL,0603
R26,92.000,28.000,0,100 ohm,Yageo RC0603FR-07100RL,0603
J4,96.000,22.000,0,radio header,Samtec TSM-106-01-L-SV,1x6-2.54
J5,70.000,6.000,0,provision, seal over,pad-1.0,1x8-1.27
SW1,96.000,6.000,0,mesh contact,spring,pad
